condition,sequence,length,net_charge,hydrophobic_ratio_apd,hydrophobic_moment
Gram+,GLPVCGETCFGGTCNTPGCTCDPWPVCTRN,30,-1.0,0.36666666666666664,0.42651490283102045
Gram+,LTSILSLCTAGCITGKLQGCNNKTATCNCHV,31,2.5,0.45161290322580644,0.16022290326628144
Gram+,GLFLDTLKQAAKGAGQAVLNAVTGLVNEQV,30,0.0,0.5,1.0744683340038945
Gram+,WNQSNI,6,0.0,0.3333333333333333,0.6080092659704703
Gram+,GLFLDTLKGAAKDLAGKLDKLIKCKIAGCKL,31,4.0,0.5161290322580645,1.0792441322216224
Gram-,RRIRPRPPRLPRPRPR,16,8.0,0.125,1.2267385599556633
Gram-,GSKKPVPIIYCNRRTGKCQRM,21,6.0,0.2857142857142857,0.29060662877311244
Gram-,RRIRPRPPRLPRPRPR,16,8.0,0.125,1.2267385599556633
Gram-,FWGRIWRSIRRG,12,4.0,0.4166666666666667,1.776734932029271
Gram-,GFKKWFKKIEKMGQNIRDGVIKAGPAVGVLGQAKAL,36,6.0,0.4444444444444444,1.0332819776548683
Antifungal,KRFAGGLCAKAGPMVRHQEVQCSET,25,2.5,0.4,0.7486240184407713
Antifungal,MASRAAGLAALLAKLALRAL,20,3.0,0.75,1.1066535018706
Antifungal,QKLCERPSGTWSGVCGNNNACKNQCINLEKARHGSCNYVFPAHKCICYFPC,51,5.0,0.39215686274509803,0.6407648835614017
Antifungal,MASKAALTAVAAVVR,15,2.0,0.7333333333333333,1.0491490983747354
Antifungal,RKAWFW,6,2.0,0.6666666666666666,0.6630378264580287
