{
  "n_sequences": 1750,
  "novelty_rate": 0.9548571428571428,
  "uniqueness_rate": 0.9925714285714285,
  "validity_rate": 1.0
}