alpha,sequence,length,net_charge,hydrophobic_ratio_apd,kd_hydrophobicity,hydrophobic_moment
0.0,GFGCPFNQGQCHSHCQSIRRRGGYCDGFLKTRCVCYR,37,6.0,0.32432432432432434,-0.6297297297297298,0.3520347115962214
0.125,GFGCPFNQGQCHSHCQSIRRRGGYCDGFLKTRCVCYR,37,6.0,0.32432432432432434,-0.6297297297297298,0.3520347115962214
0.25,GFGCPFNQGQCHSHCQSIRRRGGYCDGFLKTRCVCYR,37,6.0,0.32432432432432434,-0.6297297297297298,0.3520347115962214
0.375,GFGCPFNQGQCHSHCQSIRRRGGYCDGFLKTRCVCYR,37,6.0,0.32432432432432434,-0.6297297297297298,0.3520347115962214
0.5,GFGCPFNQGQCHSHCQSIRRRGGYCDGFLKTRCVCYR,37,6.0,0.32432432432432434,-0.6297297297297298,0.3520347115962214
0.625,GFGCPFNQGQCHSHCQSIRRRGGYCDGFLKTRCVCYR,37,6.0,0.32432432432432434,-0.6297297297297298,0.3520347115962214
0.75,GFGCPFNQGQCHSHCQSIRRRGGYCDGFLKTRCVCYR,37,6.0,0.32432432432432434,-0.6297297297297298,0.3520347115962214
0.875,GFGCPFNQGQCHSHCQSIRRRGGYCDGFLKTRCVCYR,37,6.0,0.32432432432432434,-0.6297297297297298,0.3520347115962214
1.0,GFGCPFNQGQCHSHCQSIRRRGGYCDGFLKTRCVCYR,37,6.0,0.32432432432432434,-0.6297297297297298,0.3520347115962214
