alpha,n_samples,sequences,mean_charge,std_charge,mean_hydro,std_hydro,mean_moment,std_moment,mean_length,std_length
0.0,5,FLGTLWNGIKTVVKLFGA|FLGTVWKGAKKIAKSMLKTLK|FLGALAKFGKAIF|FLGFLAKKAINAVTSLF|GLFDIAKKIGGHI,2.62,1.725572368809839,0.8033218415571357,0.4772196414572867,1.6412129910646933,0.16246759762549431,16.4,3.0724582991474434
0.125,5,FLGKVLNAAKTVVGALKSLAGGGQP|FFGTALGMAAHILPSAIKK|FLGTVLKLAAKVAKTALPAFLKQGAEYV|FLGTIAGMAANFLPKIFCKISKKC|FLGTLIKGASKIASAVAKLL,3.02,0.6013318551349163,0.8222982456140352,0.2046487911804263,1.3786253919424905,0.240503008393169,23.2,3.3105890714493698
0.25,5,FKGELWKGLKKII|FFGDLAKKAAKYGPAVLNPVLQKIYNS|FLKALAGLIPKIISKVFGALKKS|FLGTVANLAKKILPSVFGKVNEQF|FLGMVWKLLKKIL,3.2,0.9797958971132712,0.48742691688343864,0.5013273554497969,1.6788783513599739,0.21713488277407833,20.0,5.865151319446072
0.375,5,FLGTVLKMGAALVNALKNLAKCKL|FLGDIAGLGKKIAESV|FLRLAWKGIKKIL|FLGTLLKLAAKLGPSLV|FFELKEKIYGGFY,2.0,1.7888543819998317,0.6567684766214177,0.4569079142401948,1.5740267715870058,0.30281102640262264,16.6,4.029888335921977
0.5,5,FLKALWEGWKSIF|KWGKFKGIEKMGQKLEKSAGPKAL|FLGKLFKIGTKIL|FLKMLINAAKKILPSVVGNVKRD|GLKKIKELASILKALGSKIA,3.4,1.3564659966250536,0.24678539576365668,0.6317444590884204,1.4469986987957122,0.38469781349355164,18.6,4.758150901348127
0.625,5,FLGSVLKGAAKLLPGAINQKKKK|FWKQLFKNGAAKKLR|GWKSIGKKLENSYKKKSRGGVKQAPGIAEALPSY|FWKSLFKWAKKWLANKIAKKL|FLKLGKETEGIGSSFKKAK,5.4,1.3564659966250536,-0.5374850297098246,0.29944602309824186,0.8894783242333973,0.2786571609926076,22.4,6.374950980203691
0.75,5,FLKWLKKGKAIKK|FLRLLGKIASGIKSLF|GLKDIIKGAGQKLLEGLKEKVTNAPK|FFGKLIKGATKLIP|KFGAIAKKGFIKSLLPKK,4.2,1.469693845669907,0.11225122100122101,0.6492363993973113,1.2620866728306805,0.6589857038053996,17.4,4.63033476111609
0.875,5,FLGKLVKTGAAIAKKL|FLGTIKDTAKKFAKGGIAGVIKQ|KKFGKKIKNFFQKL|FLKKFPKIGSAVKKIL|FLKKFKKLGKKVAAGLKKLFKKI,5.8,2.2271057451320084,0.0044953416149069005,0.5806854315678742,1.7501190312305048,0.44144909230070384,18.4,3.8262252939417984
1.0,5,FWKLGKKAKFIGKG|KKIGQKIKNSFQKP|FLKKIGKKIKDLL|FLGKLYRKIISAVKKL|GKFKKIAKKHQVIGSASAKKK,5.42,1.3948476619330155,-0.48486263736263735,0.6682119561420009,1.6181854270551828,0.6359665472437508,15.6,2.870540018881465
