point,alpha,sequence,length,net_charge,hydrophobic_ratio_apd,kd_hydrophobicity,hydrophobic_moment
start,0.0,GFGCPFNQGQCHSHCQSIRRRGGYCDGFLKTRCVCYR,37,6.0,0.32432432432432434,-0.6297297297297298,0.3520347115962214
middle,0.5,GFGCPFNQGQCHSHCQSIRRRGGYCDGFLKTRCVCYR,37,6.0,0.32432432432432434,-0.6297297297297298,0.3520347115962214
end,1.0,GFGCPFNQGQCHSHCQSIRRRGGYCDGFLKTRCVCYR,37,6.0,0.32432432432432434,-0.6297297297297298,0.3520347115962214
