{
  "schema_version": 2,
  "target_labels": [
    "is_anti_gram_positive",
    "is_anti_gram_negative",
    "is_antifungal",
    "is_antiviral",
    "is_antiparasitic",
    "is_anticancer"
  ],
  "target_cols": [
    "is_anti_gram_positive",
    "is_anti_gram_negative",
    "is_antifungal",
    "is_antiviral",
    "is_antiparasitic",
    "is_anticancer"
  ],
  "best_thresholds": {
    "is_anti_gram_positive": 0.3500000000000001,
    "is_anti_gram_negative": 0.25000000000000006,
    "is_antifungal": 0.40000000000000013,
    "is_antiviral": 0.5500000000000002,
    "is_antiparasitic": 0.9000000000000002,
    "is_anticancer": 0.6500000000000001
  },
  "test_metrics": {
    "per_class": {
      "is_anti_gram_positive": {
        "auroc": 0.8688646210457595,
        "auprc": 0.9311286314449665,
        "support": 406
      },
      "is_anti_gram_negative": {
        "auroc": 0.8682391150556306,
        "auprc": 0.9408242324350478,
        "support": 426
      },
      "is_antifungal": {
        "auroc": 0.8075133802919601,
        "auprc": 0.695228889054932,
        "support": 171
      },
      "is_antiviral": {
        "auroc": 0.7632850241545893,
        "auprc": 0.2235559459357361,
        "support": 23
      },
      "is_antiparasitic": {
        "auroc": 0.881712962962963,
        "auprc": 0.7607969065558688,
        "support": 32
      },
      "is_anticancer": {
        "auroc": 0.8018035181304376,
        "auprc": 0.23119817903314085,
        "support": 29
      }
    },
    "macro_auroc": 0.8319031036068899,
    "macro_auprc": 0.6304554640766152
  }
}